Fecha_hecho,Conducta,Codigo_comuna,Cantidad_casos
2003,Extorsión,3,1
2003,Extorsión,SIN DATO,143
2004,Extorsión,10,2
2004,Extorsión,13,1
2004,Extorsión,16,2
2004,Extorsión,4,1
2004,Extorsión,8,1
2004,Extorsión,SIN DATO,98
2005,Extorsión,1,2
2005,Extorsión,10,4
2005,Extorsión,11,1
2005,Extorsión,12,2
2005,Extorsión,2,2
2005,Extorsión,7,1
2005,Extorsión,SIN DATO,56
2006,Extorsión,1,1
2006,Extorsión,10,1
2006,Extorsión,11,1
2006,Extorsión,13,1
2006,Extorsión,14,2
2006,Extorsión,4,2
2006,Extorsión,6,1
2006,Extorsión,60,1
2006,Extorsión,8,2
2006,Extorsión,SIN DATO,50
2007,Extorsión,10,7
2007,Extorsión,11,7
2007,Extorsión,12,3
2007,Extorsión,13,2
2007,Extorsión,14,6
2007,Extorsión,15,3
2007,Extorsión,16,3
2007,Extorsión,2,2
2007,Extorsión,4,2
2007,Extorsión,5,2
2007,Extorsión,6,1
2007,Extorsión,60,1
2007,Extorsión,7,1
2007,Extorsión,8,1
2007,Extorsión,SIN DATO,9
2008,Extorsión,10,4
2008,Extorsión,11,6
2008,Extorsión,12,2
2008,Extorsión,13,3
2008,Extorsión,14,4
2008,Extorsión,15,1
2008,Extorsión,16,4
2008,Extorsión,3,1
2008,Extorsión,4,3
2008,Extorsión,5,1
2008,Extorsión,6,2
2008,Extorsión,60,1
2008,Extorsión,7,3
2008,Extorsión,8,3
2008,Extorsión,9,2
2008,Extorsión,SIN DATO,2
2009,Extorsión,1,1
2009,Extorsión,10,13
2009,Extorsión,11,8
2009,Extorsión,12,2
2009,Extorsión,13,3
2009,Extorsión,14,7
2009,Extorsión,15,3
2009,Extorsión,16,6
2009,Extorsión,4,4
2009,Extorsión,5,1
2009,Extorsión,50,1
2009,Extorsión,6,4
2009,Extorsión,7,7
2009,Extorsión,8,1
2009,Extorsión,80,1
2009,Extorsión,9,2
2009,Extorsión,SIN DATO,51
2010,Extorsión,1,4
2010,Extorsión,10,19
2010,Extorsión,11,6
2010,Extorsión,12,4
2010,Extorsión,13,6
2010,Extorsión,14,8
2010,Extorsión,15,2
2010,Extorsión,16,6
2010,Extorsión,2,1
2010,Extorsión,3,3
2010,Extorsión,4,3
2010,Extorsión,5,1
2010,Extorsión,6,1
2010,Extorsión,60,3
2010,Extorsión,7,4
2010,Extorsión,8,1
2010,Extorsión,80,2
2010,Extorsión,9,2
2010,Extorsión,90,1
2010,Extorsión,SIN DATO,76
2011,Extorsión,1,2
2011,Extorsión,10,24
2011,Extorsión,11,12
2011,Extorsión,12,6
2011,Extorsión,13,52
2011,Extorsión,14,5
2011,Extorsión,15,6
2011,Extorsión,16,12
2011,Extorsión,2,2
2011,Extorsión,4,6
2011,Extorsión,5,15
2011,Extorsión,6,13
2011,Extorsión,60,8
2011,Extorsión,7,6
2011,Extorsión,8,1
2011,Extorsión,9,5
2011,Extorsión,SIN DATO,22
2012,Extorsión,1,2
2012,Extorsión,10,43
2012,Extorsión,11,12
2012,Extorsión,12,5
2012,Extorsión,13,43
2012,Extorsión,14,13
2012,Extorsión,15,7
2012,Extorsión,16,23
2012,Extorsión,2,1
2012,Extorsión,4,4
2012,Extorsión,5,20
2012,Extorsión,6,8
2012,Extorsión,60,3
2012,Extorsión,7,4
2012,Extorsión,70,1
2012,Extorsión,8,7
2012,Extorsión,9,4
2012,Extorsión,SIN DATO,9
2013,Extorsión,1,6
2013,Extorsión,10,92
2013,Extorsión,11,47
2013,Extorsión,12,17
2013,Extorsión,13,58
2013,Extorsión,14,37
2013,Extorsión,15,24
2013,Extorsión,16,37
2013,Extorsión,2,6
2013,Extorsión,3,9
2013,Extorsión,4,8
2013,Extorsión,5,33
2013,Extorsión,6,21
2013,Extorsión,60,5
2013,Extorsión,7,18
2013,Extorsión,70,1
2013,Extorsión,8,15
2013,Extorsión,80,4
2013,Extorsión,9,15
2013,Extorsión,SIN DATO,4
2014,Extorsión,1,4
2014,Extorsión,10,55
2014,Extorsión,11,33
2014,Extorsión,12,14
2014,Extorsión,13,21
2014,Extorsión,14,19
2014,Extorsión,15,16
2014,Extorsión,16,26
2014,Extorsión,2,3
2014,Extorsión,3,8
2014,Extorsión,4,11
2014,Extorsión,5,26
2014,Extorsión,6,14
2014,Extorsión,60,8
2014,Extorsión,7,14
2014,Extorsión,8,12
2014,Extorsión,80,11
2014,Extorsión,9,15
2015,Extorsión,1,6
2015,Extorsión,10,39
2015,Extorsión,11,22
2015,Extorsión,12,13
2015,Extorsión,13,13
2015,Extorsión,14,7
2015,Extorsión,15,14
2015,Extorsión,16,25
2015,Extorsión,2,8
2015,Extorsión,3,5
2015,Extorsión,4,7
2015,Extorsión,5,29
2015,Extorsión,50,1
2015,Extorsión,6,10
2015,Extorsión,60,7
2015,Extorsión,7,19
2015,Extorsión,70,3
2015,Extorsión,8,5
2015,Extorsión,80,2
2015,Extorsión,9,8
2016,Extorsión,1,8
2016,Extorsión,10,42
2016,Extorsión,11,26
2016,Extorsión,12,21
2016,Extorsión,13,17
2016,Extorsión,14,25
2016,Extorsión,15,10
2016,Extorsión,16,38
2016,Extorsión,2,8
2016,Extorsión,3,13
2016,Extorsión,4,17
2016,Extorsión,5,25
2016,Extorsión,6,14
2016,Extorsión,60,11
2016,Extorsión,7,17
2016,Extorsión,70,5
2016,Extorsión,8,15
2016,Extorsión,80,9
2016,Extorsión,9,15
2017,Extorsión,1,6
2017,Extorsión,10,77
2017,Extorsión,11,41
2017,Extorsión,12,24
2017,Extorsión,13,35
2017,Extorsión,14,31
2017,Extorsión,15,14
2017,Extorsión,16,53
2017,Extorsión,2,11
2017,Extorsión,3,23
2017,Extorsión,4,21
2017,Extorsión,5,27
2017,Extorsión,6,21
2017,Extorsión,60,26
2017,Extorsión,7,27
2017,Extorsión,70,2
2017,Extorsión,8,23
2017,Extorsión,80,7
2017,Extorsión,9,16
2017,Extorsión,90,2
2018,Extorsión,1,24
2018,Extorsión,10,109
2018,Extorsión,11,46
2018,Extorsión,12,32
2018,Extorsión,13,52
2018,Extorsión,14,28
2018,Extorsión,15,23
2018,Extorsión,16,56
2018,Extorsión,2,9
2018,Extorsión,3,16
2018,Extorsión,4,21
2018,Extorsión,5,27
2018,Extorsión,6,21
2018,Extorsión,60,12
2018,Extorsión,7,36
2018,Extorsión,70,6
2018,Extorsión,8,25
2018,Extorsión,80,5
2018,Extorsión,9,28
2018,Extorsión,90,2
2019,Extorsión,1,14
2019,Extorsión,10,103
2019,Extorsión,11,59
2019,Extorsión,12,40
2019,Extorsión,13,61
2019,Extorsión,14,22
2019,Extorsión,15,18
2019,Extorsión,16,59
2019,Extorsión,2,9
2019,Extorsión,3,15
2019,Extorsión,4,30
2019,Extorsión,5,37
2019,Extorsión,50,1
2019,Extorsión,6,15
2019,Extorsión,60,31
2019,Extorsión,7,39
2019,Extorsión,70,7
2019,Extorsión,8,20
2019,Extorsión,80,16
2019,Extorsión,9,26
2019,Extorsión,90,7
2020,Extorsión,1,16
2020,Extorsión,10,100
2020,Extorsión,11,30
2020,Extorsión,12,35
2020,Extorsión,13,20
2020,Extorsión,14,32
2020,Extorsión,15,24
2020,Extorsión,16,48
2020,Extorsión,2,6
2020,Extorsión,3,16
2020,Extorsión,4,23
2020,Extorsión,5,27
2020,Extorsión,6,17
2020,Extorsión,60,15
2020,Extorsión,7,36
2020,Extorsión,70,5
2020,Extorsión,8,21
2020,Extorsión,80,9
2020,Extorsión,9,19
2020,Extorsión,90,8
2021,Extorsión,1,20
2021,Extorsión,10,148
2021,Extorsión,11,39
2021,Extorsión,12,33
2021,Extorsión,13,32
2021,Extorsión,14,28
2021,Extorsión,15,17
2021,Extorsión,16,51
2021,Extorsión,2,9
2021,Extorsión,3,20
2021,Extorsión,4,38
2021,Extorsión,5,26
2021,Extorsión,6,25
2021,Extorsión,60,21
2021,Extorsión,7,32
2021,Extorsión,70,3
2021,Extorsión,8,23
2021,Extorsión,80,10
2021,Extorsión,9,36
2021,Extorsión,90,2
2022,Extorsión,1,11
2022,Extorsión,10,104
2022,Extorsión,11,22
2022,Extorsión,12,14
2022,Extorsión,13,19
2022,Extorsión,14,21
2022,Extorsión,15,15
2022,Extorsión,16,43
2022,Extorsión,2,16
2022,Extorsión,3,24
2022,Extorsión,4,27
2022,Extorsión,5,30
2022,Extorsión,6,12
2022,Extorsión,60,22
2022,Extorsión,7,23
2022,Extorsión,70,8
2022,Extorsión,8,14
2022,Extorsión,80,12
2022,Extorsión,9,19
2022,Extorsión,90,3
2023,Extorsión,1,21
2023,Extorsión,10,94
2023,Extorsión,11,59
2023,Extorsión,12,37
2023,Extorsión,13,44
2023,Extorsión,14,39
2023,Extorsión,15,22
2023,Extorsión,16,66
2023,Extorsión,2,21
2023,Extorsión,3,15
2023,Extorsión,4,44
2023,Extorsión,5,47
2023,Extorsión,6,25
2023,Extorsión,60,19
2023,Extorsión,7,47
2023,Extorsión,8,35
2023,Extorsión,80,42
2023,Extorsión,9,48
2023,Extorsión,90,1
2023,Extorsión,SIN DATO,50
2003,Homicidio,1.0,119
2003,Homicidio,2.0,115
2003,Homicidio,3.0,119
2003,Homicidio,4.0,139
2003,Homicidio,5.0,119
2003,Homicidio,6.0,115
2003,Homicidio,7.0,113
2003,Homicidio,8.0,94
2003,Homicidio,9.0,85
2003,Homicidio,10.0,226
2003,Homicidio,11.0,69
2003,Homicidio,12.0,34
2003,Homicidio,13.0,72
2003,Homicidio,14.0,27
2003,Homicidio,15.0,54
2003,Homicidio,16.0,67
2003,Homicidio,60.0,23
2003,Homicidio,70.0,1
2003,Homicidio,80.0,23
2003,Homicidio,90.0,10
2004,Homicidio,1.0,36
2004,Homicidio,2.0,59
2004,Homicidio,3.0,52
2004,Homicidio,4.0,80
2004,Homicidio,5.0,85
2004,Homicidio,6.0,79
2004,Homicidio,7.0,88
2004,Homicidio,8.0,46
2004,Homicidio,9.0,45
2004,Homicidio,10.0,165
2004,Homicidio,11.0,65
2004,Homicidio,12.0,37
2004,Homicidio,13.0,38
2004,Homicidio,14.0,20
2004,Homicidio,15.0,47
2004,Homicidio,16.0,71
2004,Homicidio,60.0,8
2004,Homicidio,70.0,1
2004,Homicidio,80.0,4
2004,Homicidio,90.0,1
2005,Homicidio,1.0,24
2005,Homicidio,2.0,20
2005,Homicidio,3.0,30
2005,Homicidio,4.0,67
2005,Homicidio,5.0,48
2005,Homicidio,6.0,47
2005,Homicidio,7.0,41
2005,Homicidio,8.0,37
2005,Homicidio,9.0,34
2005,Homicidio,10.0,102
2005,Homicidio,11.0,33
2005,Homicidio,12.0,24
2005,Homicidio,13.0,39
2005,Homicidio,14.0,13
2005,Homicidio,15.0,38
2005,Homicidio,16.0,45
2005,Homicidio,60.0,4
2005,Homicidio,70.0,2
2005,Homicidio,80.0,7
2005,Homicidio,90.0,7
2006,Homicidio,1.0,23
2006,Homicidio,2.0,17
2006,Homicidio,3.0,36
2006,Homicidio,4.0,81
2006,Homicidio,5.0,69
2006,Homicidio,6.0,40
2006,Homicidio,7.0,58
2006,Homicidio,8.0,40
2006,Homicidio,9.0,40
2006,Homicidio,10.0,122
2006,Homicidio,11.0,34
2006,Homicidio,12.0,23
2006,Homicidio,13.0,45
2006,Homicidio,14.0,18
2006,Homicidio,15.0,36
2006,Homicidio,16.0,51
2006,Homicidio,60.0,4
2006,Homicidio,70.0,1
2006,Homicidio,80.0,9
2006,Homicidio,90.0,1
2007,Homicidio,1.0,24
2007,Homicidio,2.0,13
2007,Homicidio,3.0,32
2007,Homicidio,4.0,67
2007,Homicidio,5.0,49
2007,Homicidio,6.0,56
2007,Homicidio,7.0,46
2007,Homicidio,8.0,45
2007,Homicidio,9.0,37
2007,Homicidio,10.0,105
2007,Homicidio,11.0,29
2007,Homicidio,12.0,20
2007,Homicidio,13.0,64
2007,Homicidio,14.0,17
2007,Homicidio,15.0,48
2007,Homicidio,16.0,37
2007,Homicidio,60.0,8
2007,Homicidio,70.0,2
2007,Homicidio,80.0,4
2008,Homicidio,1.0,39
2008,Homicidio,2.0,31
2008,Homicidio,3.0,59
2008,Homicidio,4.0,114
2008,Homicidio,5.0,65
2008,Homicidio,6.0,78
2008,Homicidio,7.0,53
2008,Homicidio,8.0,57
2008,Homicidio,9.0,34
2008,Homicidio,10.0,129
2008,Homicidio,11.0,40
2008,Homicidio,12.0,20
2008,Homicidio,13.0,87
2008,Homicidio,14.0,16
2008,Homicidio,15.0,48
2008,Homicidio,16.0,66
2008,Homicidio,60.0,9
2008,Homicidio,70.0,4
2008,Homicidio,80.0,3
2008,Homicidio,90.0,1
2009,Homicidio,1.0,180
2009,Homicidio,2.0,62
2009,Homicidio,3.0,197
2009,Homicidio,4.0,191
2009,Homicidio,5.0,159
2009,Homicidio,6.0,199
2009,Homicidio,7.0,134
2009,Homicidio,8.0,118
2009,Homicidio,9.0,57
2009,Homicidio,10.0,202
2009,Homicidio,11.0,78
2009,Homicidio,12.0,43
2009,Homicidio,13.0,188
2009,Homicidio,14.0,19
2009,Homicidio,15.0,57
2009,Homicidio,16.0,105
2009,Homicidio,60.0,27
2009,Homicidio,70.0,13
2009,Homicidio,80.0,59
2009,Homicidio,90.0,7
2010,Homicidio,1.0,133
2010,Homicidio,2.0,93
2010,Homicidio,3.0,172
2010,Homicidio,4.0,158
2010,Homicidio,5.0,126
2010,Homicidio,6.0,132
2010,Homicidio,7.0,111
2010,Homicidio,8.0,118
2010,Homicidio,9.0,61
2010,Homicidio,10.0,201
2010,Homicidio,11.0,51
2010,Homicidio,12.0,40
2010,Homicidio,13.0,228
2010,Homicidio,14.0,22
2010,Homicidio,15.0,66
2010,Homicidio,16.0,97
2010,Homicidio,60.0,70
2010,Homicidio,70.0,26
2010,Homicidio,80.0,45
2010,Homicidio,90.0,9
2011,Homicidio,1.0,25
2011,Homicidio,2.0,28
2011,Homicidio,3.0,86
2011,Homicidio,4.0,111
2011,Homicidio,5.0,103
2011,Homicidio,6.0,96
2011,Homicidio,7.0,100
2011,Homicidio,8.0,124
2011,Homicidio,9.0,50
2011,Homicidio,10.0,168
2011,Homicidio,11.0,41
2011,Homicidio,12.0,39
2011,Homicidio,13.0,220
2011,Homicidio,14.0,17
2011,Homicidio,15.0,69
2011,Homicidio,16.0,110
2011,Homicidio,50.0,5
2011,Homicidio,60.0,72
2011,Homicidio,70.0,46
2011,Homicidio,80.0,109
2011,Homicidio,90.0,21
2012,Homicidio,1.0,37
2012,Homicidio,2.0,29
2012,Homicidio,3.0,49
2012,Homicidio,4.0,91
2012,Homicidio,5.0,42
2012,Homicidio,6.0,52
2012,Homicidio,7.0,69
2012,Homicidio,8.0,111
2012,Homicidio,9.0,40
2012,Homicidio,10.0,145
2012,Homicidio,11.0,45
2012,Homicidio,12.0,26
2012,Homicidio,13.0,162
2012,Homicidio,14.0,6
2012,Homicidio,15.0,56
2012,Homicidio,16.0,79
2012,Homicidio,50.0,1
2012,Homicidio,60.0,64
2012,Homicidio,70.0,45
2012,Homicidio,80.0,77
2012,Homicidio,90.0,18
2013,Homicidio,1.0,20
2013,Homicidio,2.0,20
2013,Homicidio,3.0,32
2013,Homicidio,4.0,54
2013,Homicidio,5.0,45
2013,Homicidio,6.0,48
2013,Homicidio,7.0,71
2013,Homicidio,8.0,58
2013,Homicidio,9.0,30
2013,Homicidio,10.0,142
2013,Homicidio,11.0,38
2013,Homicidio,12.0,22
2013,Homicidio,13.0,114
2013,Homicidio,14.0,7
2013,Homicidio,15.0,35
2013,Homicidio,16.0,52
2013,Homicidio,60.0,52
2013,Homicidio,70.0,29
2013,Homicidio,80.0,41
2013,Homicidio,90.0,11
2014,Homicidio,1.0,13
2014,Homicidio,2.0,17
2014,Homicidio,3.0,21
2014,Homicidio,4.0,45
2014,Homicidio,5.0,56
2014,Homicidio,6.0,40
2014,Homicidio,7.0,59
2014,Homicidio,8.0,32
2014,Homicidio,9.0,20
2014,Homicidio,10.0,116
2014,Homicidio,11.0,30
2014,Homicidio,12.0,8
2014,Homicidio,13.0,64
2014,Homicidio,14.0,11
2014,Homicidio,15.0,29
2014,Homicidio,16.0,34
2014,Homicidio,50.0,1
2014,Homicidio,60.0,35
2014,Homicidio,70.0,11
2014,Homicidio,80.0,8
2014,Homicidio,90.0,9
2015,Homicidio,1.0,8
2015,Homicidio,2.0,21
2015,Homicidio,3.0,13
2015,Homicidio,4.0,32
2015,Homicidio,5.0,46
2015,Homicidio,6.0,23
2015,Homicidio,7.0,45
2015,Homicidio,8.0,22
2015,Homicidio,9.0,9
2015,Homicidio,10.0,90
2015,Homicidio,11.0,28
2015,Homicidio,12.0,9
2015,Homicidio,13.0,30
2015,Homicidio,14.0,5
2015,Homicidio,15.0,28
2015,Homicidio,16.0,31
2015,Homicidio,50.0,1
2015,Homicidio,60.0,24
2015,Homicidio,70.0,14
2015,Homicidio,80.0,14
2015,Homicidio,90.0,3
2016,Homicidio,1.0,15
2016,Homicidio,2.0,8
2016,Homicidio,3.0,13
2016,Homicidio,4.0,26
2016,Homicidio,5.0,57
2016,Homicidio,6.0,22
2016,Homicidio,7.0,57
2016,Homicidio,8.0,29
2016,Homicidio,9.0,16
2016,Homicidio,10.0,98
2016,Homicidio,11.0,21
2016,Homicidio,12.0,14
2016,Homicidio,13.0,38
2016,Homicidio,14.0,8
2016,Homicidio,15.0,26
2016,Homicidio,16.0,33
2016,Homicidio,50.0,3
2016,Homicidio,60.0,30
2016,Homicidio,70.0,12
2016,Homicidio,80.0,15
2016,Homicidio,90.0,3
2017,Homicidio,1.0,12
2017,Homicidio,2.0,16
2017,Homicidio,3.0,14
2017,Homicidio,4.0,27
2017,Homicidio,5.0,32
2017,Homicidio,6.0,28
2017,Homicidio,7.0,70
2017,Homicidio,8.0,21
2017,Homicidio,9.0,13
2017,Homicidio,10.0,103
2017,Homicidio,11.0,23
2017,Homicidio,12.0,12
2017,Homicidio,13.0,48
2017,Homicidio,14.0,7
2017,Homicidio,15.0,26
2017,Homicidio,16.0,48
2017,Homicidio,50.0,2
2017,Homicidio,60.0,39
2017,Homicidio,70.0,22
2017,Homicidio,80.0,17
2017,Homicidio,90.0,2
2018,Homicidio,1.0,12
2018,Homicidio,2.0,11
2018,Homicidio,3.0,17
2018,Homicidio,4.0,39
2018,Homicidio,5.0,26
2018,Homicidio,6.0,23
2018,Homicidio,7.0,55
2018,Homicidio,8.0,20
2018,Homicidio,9.0,7
2018,Homicidio,10.0,108
2018,Homicidio,11.0,32
2018,Homicidio,12.0,30
2018,Homicidio,13.0,92
2018,Homicidio,14.0,11
2018,Homicidio,15.0,30
2018,Homicidio,16.0,41
2018,Homicidio,60.0,21
2018,Homicidio,70.0,45
2018,Homicidio,80.0,15
2019,Homicidio,1.0,21
2019,Homicidio,2.0,12
2019,Homicidio,3.0,19
2019,Homicidio,4.0,34
2019,Homicidio,5.0,29
2019,Homicidio,6.0,23
2019,Homicidio,7.0,37
2019,Homicidio,8.0,33
2019,Homicidio,9.0,11
2019,Homicidio,10.0,87
2019,Homicidio,11.0,25
2019,Homicidio,12.0,35
2019,Homicidio,13.0,47
2019,Homicidio,14.0,9
2019,Homicidio,15.0,25
2019,Homicidio,16.0,52
2019,Homicidio,50.0,3
2019,Homicidio,60.0,39
2019,Homicidio,70.0,36
2019,Homicidio,80.0,9
2019,Homicidio,90.0,7
2020,Homicidio,1.0,11
2020,Homicidio,2.0,13
2020,Homicidio,3.0,13
2020,Homicidio,4.0,28
2020,Homicidio,5.0,37
2020,Homicidio,6.0,17
2020,Homicidio,7.0,32
2020,Homicidio,8.0,26
2020,Homicidio,9.0,14
2020,Homicidio,10.0,58
2020,Homicidio,11.0,9
2020,Homicidio,12.0,10
2020,Homicidio,13.0,25
2020,Homicidio,14.0,2
2020,Homicidio,15.0,7
2020,Homicidio,16.0,27
2020,Homicidio,60.0,16
2020,Homicidio,70.0,10
2020,Homicidio,80.0,10
2020,Homicidio,90.0,4
2021,Homicidio,1.0,12
2021,Homicidio,2.0,13
2021,Homicidio,3.0,20
2021,Homicidio,4.0,37
2021,Homicidio,5.0,17
2021,Homicidio,6.0,18
2021,Homicidio,7.0,24
2021,Homicidio,8.0,23
2021,Homicidio,9.0,11
2021,Homicidio,10.0,80
2021,Homicidio,11.0,17
2021,Homicidio,12.0,7
2021,Homicidio,13.0,21
2021,Homicidio,14.0,9
2021,Homicidio,15.0,14
2021,Homicidio,16.0,27
2021,Homicidio,50.0,1
2021,Homicidio,60.0,30
2021,Homicidio,70.0,11
2021,Homicidio,80.0,4
2021,Homicidio,90.0,9
2022,Homicidio,1.0,12
2022,Homicidio,2.0,14
2022,Homicidio,3.0,13
2022,Homicidio,4.0,32
2022,Homicidio,5.0,19
2022,Homicidio,6.0,13
2022,Homicidio,7.0,35
2022,Homicidio,8.0,18
2022,Homicidio,9.0,18
2022,Homicidio,10.0,75
2022,Homicidio,11.0,19
2022,Homicidio,12.0,4
2022,Homicidio,13.0,29
2022,Homicidio,14.0,6
2022,Homicidio,15.0,14
2022,Homicidio,16.0,25
2022,Homicidio,50.0,1
2022,Homicidio,60.0,26
2022,Homicidio,70.0,7
2022,Homicidio,80.0,6
2022,Homicidio,90.0,5
2023,Homicidio,1.0,13
2023,Homicidio,2.0,11
2023,Homicidio,3.0,22
2023,Homicidio,4.0,28
2023,Homicidio,5.0,20
2023,Homicidio,6.0,18
2023,Homicidio,7.0,22
2023,Homicidio,8.0,22
2023,Homicidio,9.0,16
2023,Homicidio,10.0,70
2023,Homicidio,11.0,15
2023,Homicidio,12.0,5
2023,Homicidio,13.0,11
2023,Homicidio,14.0,8
2023,Homicidio,15.0,10
2023,Homicidio,16.0,18
2023,Homicidio,50.0,2
2023,Homicidio,60.0,13
2023,Homicidio,70.0,5
2023,Homicidio,80.0,9
2023,Homicidio,90.0,5
2003,Hurto a persona,1,16
2003,Hurto a persona,10,1440
2003,Hurto a persona,11,1094
2003,Hurto a persona,12,278
2003,Hurto a persona,13,40
2003,Hurto a persona,14,466
2003,Hurto a persona,15,356
2003,Hurto a persona,16,710
2003,Hurto a persona,2,24
2003,Hurto a persona,3,58
2003,Hurto a persona,4,210
2003,Hurto a persona,5,282
2003,Hurto a persona,6,58
2003,Hurto a persona,60,2
2003,Hurto a persona,7,188
2003,Hurto a persona,70,2
2003,Hurto a persona,8,110
2003,Hurto a persona,80,2
2003,Hurto a persona,9,138
2003,Hurto a persona,SIN DATO,12
2004,Hurto a persona,1,28
2004,Hurto a persona,10,1690
2004,Hurto a persona,11,968
2004,Hurto a persona,12,218
2004,Hurto a persona,13,44
2004,Hurto a persona,14,360
2004,Hurto a persona,15,584
2004,Hurto a persona,16,772
2004,Hurto a persona,2,32
2004,Hurto a persona,3,58
2004,Hurto a persona,4,134
2004,Hurto a persona,5,274
2004,Hurto a persona,6,50
2004,Hurto a persona,60,6
2004,Hurto a persona,7,174
2004,Hurto a persona,8,72
2004,Hurto a persona,80,8
2004,Hurto a persona,9,90
2004,Hurto a persona,90,14
2004,Hurto a persona,SIN DATO,24
2005,Hurto a persona,1,26
2005,Hurto a persona,10,2266
2005,Hurto a persona,11,1086
2005,Hurto a persona,12,246
2005,Hurto a persona,13,82
2005,Hurto a persona,14,822
2005,Hurto a persona,15,568
2005,Hurto a persona,16,642
2005,Hurto a persona,2,34
2005,Hurto a persona,3,50
2005,Hurto a persona,4,226
2005,Hurto a persona,5,352
2005,Hurto a persona,6,56
2005,Hurto a persona,60,2
2005,Hurto a persona,7,180
2005,Hurto a persona,70,4
2005,Hurto a persona,8,104
2005,Hurto a persona,80,10
2005,Hurto a persona,9,110
2005,Hurto a persona,90,4
2005,Hurto a persona,SIN DATO,18
2006,Hurto a persona,1,24
2006,Hurto a persona,10,978
2006,Hurto a persona,11,688
2006,Hurto a persona,12,202
2006,Hurto a persona,13,64
2006,Hurto a persona,14,336
2006,Hurto a persona,15,232
2006,Hurto a persona,16,642
2006,Hurto a persona,2,8
2006,Hurto a persona,3,96
2006,Hurto a persona,4,273
2006,Hurto a persona,5,214
2006,Hurto a persona,6,108
2006,Hurto a persona,60,8
2006,Hurto a persona,7,100
2006,Hurto a persona,70,4
2006,Hurto a persona,8,60
2006,Hurto a persona,80,2
2006,Hurto a persona,9,44
2006,Hurto a persona,90,6
2006,Hurto a persona,SIN DATO,310
2007,Hurto a persona,1,14
2007,Hurto a persona,10,929
2007,Hurto a persona,11,498
2007,Hurto a persona,12,160
2007,Hurto a persona,13,48
2007,Hurto a persona,14,548
2007,Hurto a persona,15,226
2007,Hurto a persona,16,234
2007,Hurto a persona,2,14
2007,Hurto a persona,3,82
2007,Hurto a persona,4,138
2007,Hurto a persona,5,200
2007,Hurto a persona,6,48
2007,Hurto a persona,60,8
2007,Hurto a persona,7,140
2007,Hurto a persona,8,42
2007,Hurto a persona,80,12
2007,Hurto a persona,9,54
2007,Hurto a persona,90,20
2007,Hurto a persona,SIN DATO,72
2008,Hurto a persona,1,108
2008,Hurto a persona,10,1400
2008,Hurto a persona,11,852
2008,Hurto a persona,12,244
2008,Hurto a persona,13,104
2008,Hurto a persona,14,734
2008,Hurto a persona,15,164
2008,Hurto a persona,16,232
2008,Hurto a persona,2,32
2008,Hurto a persona,3,86
2008,Hurto a persona,4,230
2008,Hurto a persona,5,238
2008,Hurto a persona,6,64
2008,Hurto a persona,60,26
2008,Hurto a persona,7,170
2008,Hurto a persona,70,2
2008,Hurto a persona,8,100
2008,Hurto a persona,80,10
2008,Hurto a persona,9,100
2008,Hurto a persona,90,2
2008,Hurto a persona,SIN DATO,268
2009,Hurto a persona,1,26
2009,Hurto a persona,10,946
2009,Hurto a persona,11,664
2009,Hurto a persona,12,226
2009,Hurto a persona,13,70
2009,Hurto a persona,14,604
2009,Hurto a persona,15,218
2009,Hurto a persona,16,450
2009,Hurto a persona,2,28
2009,Hurto a persona,3,78
2009,Hurto a persona,4,232
2009,Hurto a persona,5,292
2009,Hurto a persona,6,86
2009,Hurto a persona,60,10
2009,Hurto a persona,7,158
2009,Hurto a persona,70,4
2009,Hurto a persona,8,82
2009,Hurto a persona,80,28
2009,Hurto a persona,9,76
2009,Hurto a persona,90,16
2009,Hurto a persona,SIN DATO,90
2010,Hurto a persona,1,30
2010,Hurto a persona,10,870
2010,Hurto a persona,11,452
2010,Hurto a persona,12,136
2010,Hurto a persona,13,44
2010,Hurto a persona,14,650
2010,Hurto a persona,15,164
2010,Hurto a persona,16,226
2010,Hurto a persona,2,16
2010,Hurto a persona,3,60
2010,Hurto a persona,4,188
2010,Hurto a persona,5,182
2010,Hurto a persona,6,34
2010,Hurto a persona,7,124
2010,Hurto a persona,70,2
2010,Hurto a persona,8,44
2010,Hurto a persona,80,10
2010,Hurto a persona,9,36
2010,Hurto a persona,90,2
2010,Hurto a persona,SIN DATO,40
2011,Hurto a persona,1,14
2011,Hurto a persona,10,545
2011,Hurto a persona,11,249
2011,Hurto a persona,12,62
2011,Hurto a persona,13,36
2011,Hurto a persona,14,358
2011,Hurto a persona,15,81
2011,Hurto a persona,16,101
2011,Hurto a persona,2,7
2011,Hurto a persona,3,19
2011,Hurto a persona,4,119
2011,Hurto a persona,5,125
2011,Hurto a persona,6,17
2011,Hurto a persona,60,2
2011,Hurto a persona,7,83
2011,Hurto a persona,8,33
2011,Hurto a persona,80,2
2011,Hurto a persona,9,20
2011,Hurto a persona,90,11
2011,Hurto a persona,SIN DATO,10
2012,Hurto a persona,1,33
2012,Hurto a persona,10,890
2012,Hurto a persona,11,327
2012,Hurto a persona,12,87
2012,Hurto a persona,13,75
2012,Hurto a persona,14,380
2012,Hurto a persona,15,234
2012,Hurto a persona,16,335
2012,Hurto a persona,2,20
2012,Hurto a persona,3,53
2012,Hurto a persona,4,170
2012,Hurto a persona,5,405
2012,Hurto a persona,6,70
2012,Hurto a persona,60,4
2012,Hurto a persona,7,314
2012,Hurto a persona,70,4
2012,Hurto a persona,8,57
2012,Hurto a persona,80,6
2012,Hurto a persona,9,62
2012,Hurto a persona,90,12
2012,Hurto a persona,SIN DATO,30
2013,Hurto a persona,1,50
2013,Hurto a persona,10,1997
2013,Hurto a persona,11,624
2013,Hurto a persona,12,212
2013,Hurto a persona,13,66
2013,Hurto a persona,14,671
2013,Hurto a persona,15,260
2013,Hurto a persona,16,352
2013,Hurto a persona,2,55
2013,Hurto a persona,3,75
2013,Hurto a persona,4,376
2013,Hurto a persona,5,358
2013,Hurto a persona,6,113
2013,Hurto a persona,60,25
2013,Hurto a persona,7,381
2013,Hurto a persona,8,109
2013,Hurto a persona,80,16
2013,Hurto a persona,9,131
2013,Hurto a persona,90,16
2013,Hurto a persona,SIN DATO,21
2014,Hurto a persona,1,35
2014,Hurto a persona,10,3004
2014,Hurto a persona,11,943
2014,Hurto a persona,12,245
2014,Hurto a persona,13,80
2014,Hurto a persona,14,658
2014,Hurto a persona,15,257
2014,Hurto a persona,16,517
2014,Hurto a persona,2,43
2014,Hurto a persona,3,91
2014,Hurto a persona,4,386
2014,Hurto a persona,5,494
2014,Hurto a persona,6,102
2014,Hurto a persona,60,38
2014,Hurto a persona,7,455
2014,Hurto a persona,70,7
2014,Hurto a persona,8,115
2014,Hurto a persona,80,28
2014,Hurto a persona,9,188
2014,Hurto a persona,90,30
2014,Hurto a persona,SIN DATO,3
2015,Hurto a persona,1,95
2015,Hurto a persona,10,5212
2015,Hurto a persona,11,1100
2015,Hurto a persona,12,370
2015,Hurto a persona,13,176
2015,Hurto a persona,14,822
2015,Hurto a persona,15,436
2015,Hurto a persona,16,707
2015,Hurto a persona,2,107
2015,Hurto a persona,3,192
2015,Hurto a persona,4,585
2015,Hurto a persona,5,814
2015,Hurto a persona,6,222
2015,Hurto a persona,60,60
2015,Hurto a persona,7,582
2015,Hurto a persona,70,12
2015,Hurto a persona,8,193
2015,Hurto a persona,80,61
2015,Hurto a persona,9,270
2015,Hurto a persona,90,35
2016,Hurto a persona,1,159
2016,Hurto a persona,10,6154
2016,Hurto a persona,11,2268
2016,Hurto a persona,12,696
2016,Hurto a persona,13,279
2016,Hurto a persona,14,1989
2016,Hurto a persona,15,766
2016,Hurto a persona,16,1209
2016,Hurto a persona,2,180
2016,Hurto a persona,3,263
2016,Hurto a persona,4,852
2016,Hurto a persona,5,1020
2016,Hurto a persona,50,8
2016,Hurto a persona,6,281
2016,Hurto a persona,60,137
2016,Hurto a persona,7,809
2016,Hurto a persona,70,26
2016,Hurto a persona,8,313
2016,Hurto a persona,80,126
2016,Hurto a persona,9,397
2016,Hurto a persona,90,102
2017,Hurto a persona,1,167
2017,Hurto a persona,10,9603
2017,Hurto a persona,11,3462
2017,Hurto a persona,12,990
2017,Hurto a persona,13,276
2017,Hurto a persona,14,3092
2017,Hurto a persona,15,1118
2017,Hurto a persona,16,1930
2017,Hurto a persona,2,159
2017,Hurto a persona,3,316
2017,Hurto a persona,4,1194
2017,Hurto a persona,5,1281
2017,Hurto a persona,50,3
2017,Hurto a persona,6,294
2017,Hurto a persona,60,164
2017,Hurto a persona,7,974
2017,Hurto a persona,70,51
2017,Hurto a persona,8,345
2017,Hurto a persona,80,153
2017,Hurto a persona,9,628
2017,Hurto a persona,90,105
2017,Hurto a persona,SIN DATO,2
2018,Hurto a persona,1,216
2018,Hurto a persona,10,12083
2018,Hurto a persona,11,5382
2018,Hurto a persona,12,1699
2018,Hurto a persona,13,484
2018,Hurto a persona,14,4802
2018,Hurto a persona,15,1889
2018,Hurto a persona,16,2889
2018,Hurto a persona,2,183
2018,Hurto a persona,3,504
2018,Hurto a persona,4,1824
2018,Hurto a persona,5,1789
2018,Hurto a persona,6,395
2018,Hurto a persona,60,201
2018,Hurto a persona,7,1489
2018,Hurto a persona,70,60
2018,Hurto a persona,8,576
2018,Hurto a persona,80,137
2018,Hurto a persona,9,877
2018,Hurto a persona,90,168
2018,Hurto a persona,SIN DATO,5
2019,Hurto a persona,1,303
2019,Hurto a persona,10,14195
2019,Hurto a persona,11,6145
2019,Hurto a persona,12,1753
2019,Hurto a persona,13,599
2019,Hurto a persona,14,5517
2019,Hurto a persona,15,2009
2019,Hurto a persona,16,3105
2019,Hurto a persona,2,282
2019,Hurto a persona,3,670
2019,Hurto a persona,4,2725
2019,Hurto a persona,5,2337
2019,Hurto a persona,50,4
2019,Hurto a persona,6,594
2019,Hurto a persona,60,334
2019,Hurto a persona,7,2098
2019,Hurto a persona,70,72
2019,Hurto a persona,8,963
2019,Hurto a persona,80,229
2019,Hurto a persona,9,1313
2019,Hurto a persona,90,254
2019,Hurto a persona,SIN DATO,1
2020,Hurto a persona,1,280
2020,Hurto a persona,10,8286
2020,Hurto a persona,11,2820
2020,Hurto a persona,12,1055
2020,Hurto a persona,13,490
2020,Hurto a persona,14,2713
2020,Hurto a persona,15,1274
2020,Hurto a persona,16,2171
2020,Hurto a persona,2,233
2020,Hurto a persona,3,574
2020,Hurto a persona,4,1653
2020,Hurto a persona,5,1567
2020,Hurto a persona,50,6
2020,Hurto a persona,6,383
2020,Hurto a persona,60,229
2020,Hurto a persona,7,1487
2020,Hurto a persona,70,84
2020,Hurto a persona,8,883
2020,Hurto a persona,80,167
2020,Hurto a persona,9,1073
2020,Hurto a persona,90,207
2020,Hurto a persona,SIN DATO,4
2021,Hurto a persona,1,344
2021,Hurto a persona,10,8921
2021,Hurto a persona,11,4070
2021,Hurto a persona,12,1508
2021,Hurto a persona,13,660
2021,Hurto a persona,14,4392
2021,Hurto a persona,15,1525
2021,Hurto a persona,16,3138
2021,Hurto a persona,2,331
2021,Hurto a persona,3,585
2021,Hurto a persona,4,1793
2021,Hurto a persona,5,1913
2021,Hurto a persona,50,16
2021,Hurto a persona,6,563
2021,Hurto a persona,60,389
2021,Hurto a persona,7,1680
2021,Hurto a persona,70,127
2021,Hurto a persona,8,865
2021,Hurto a persona,80,209
2021,Hurto a persona,9,1312
2021,Hurto a persona,90,303
2021,Hurto a persona,SIN DATO,6
2022,Hurto a persona,1,390
2022,Hurto a persona,10,10280
2022,Hurto a persona,11,5454
2022,Hurto a persona,12,1591
2022,Hurto a persona,13,623
2022,Hurto a persona,14,4817
2022,Hurto a persona,15,1618
2022,Hurto a persona,16,2997
2022,Hurto a persona,2,309
2022,Hurto a persona,3,673
2022,Hurto a persona,4,2188
2022,Hurto a persona,5,2176
2022,Hurto a persona,50,16
2022,Hurto a persona,6,638
2022,Hurto a persona,60,463
2022,Hurto a persona,7,1628
2022,Hurto a persona,70,152
2022,Hurto a persona,8,993
2022,Hurto a persona,80,264
2022,Hurto a persona,9,1444
2022,Hurto a persona,90,374
2022,Hurto a persona,SIN DATO,51
2023,Hurto a persona,1,275
2023,Hurto a persona,10,5888
2023,Hurto a persona,11,2822
2023,Hurto a persona,12,843
2023,Hurto a persona,13,500
2023,Hurto a persona,14,3086
2023,Hurto a persona,15,836
2023,Hurto a persona,16,1609
2023,Hurto a persona,2,222
2023,Hurto a persona,3,426
2023,Hurto a persona,4,1545
2023,Hurto a persona,5,1204
2023,Hurto a persona,50,3
2023,Hurto a persona,6,394
2023,Hurto a persona,60,532
2023,Hurto a persona,7,1189
2023,Hurto a persona,70,1
2023,Hurto a persona,8,843
2023,Hurto a persona,80,313
2023,Hurto a persona,9,941
2023,Hurto a persona,90,30
2023,Hurto a persona,SIN DATO,4204
2003,Hurto de carro,1,52
2003,Hurto de carro,10,1032
2003,Hurto de carro,11,1038
2003,Hurto de carro,12,576
2003,Hurto de carro,13,112
2003,Hurto de carro,14,310
2003,Hurto de carro,15,552
2003,Hurto de carro,16,860
2003,Hurto de carro,2,62
2003,Hurto de carro,3,118
2003,Hurto de carro,4,546
2003,Hurto de carro,5,428
2003,Hurto de carro,6,142
2003,Hurto de carro,60,2
2003,Hurto de carro,7,334
2003,Hurto de carro,70,4
2003,Hurto de carro,8,294
2003,Hurto de carro,80,14
2003,Hurto de carro,9,314
2003,Hurto de carro,90,6
2003,Hurto de carro,SIN DATO,24
2004,Hurto de carro,1,24
2004,Hurto de carro,10,668
2004,Hurto de carro,11,844
2004,Hurto de carro,12,380
2004,Hurto de carro,13,82
2004,Hurto de carro,14,166
2004,Hurto de carro,15,390
2004,Hurto de carro,16,766
2004,Hurto de carro,2,32
2004,Hurto de carro,3,86
2004,Hurto de carro,4,348
2004,Hurto de carro,5,372
2004,Hurto de carro,6,130
2004,Hurto de carro,60,6
2004,Hurto de carro,7,238
2004,Hurto de carro,70,8
2004,Hurto de carro,8,168
2004,Hurto de carro,80,10
2004,Hurto de carro,9,240
2004,Hurto de carro,90,4
2004,Hurto de carro,SIN DATO,12
2005,Hurto de carro,1,32
2005,Hurto de carro,10,428
2005,Hurto de carro,11,416
2005,Hurto de carro,12,202
2005,Hurto de carro,13,54
2005,Hurto de carro,14,122
2005,Hurto de carro,15,214
2005,Hurto de carro,16,300
2005,Hurto de carro,2,26
2005,Hurto de carro,3,64
2005,Hurto de carro,4,188
2005,Hurto de carro,5,198
2005,Hurto de carro,50,2
2005,Hurto de carro,6,70
2005,Hurto de carro,60,2
2005,Hurto de carro,7,124
2005,Hurto de carro,70,8
2005,Hurto de carro,8,94
2005,Hurto de carro,80,16
2005,Hurto de carro,9,104
2005,Hurto de carro,90,4
2005,Hurto de carro,SIN DATO,30
2006,Hurto de carro,1,20
2006,Hurto de carro,10,212
2006,Hurto de carro,11,478
2006,Hurto de carro,12,224
2006,Hurto de carro,13,38
2006,Hurto de carro,14,84
2006,Hurto de carro,15,146
2006,Hurto de carro,16,318
2006,Hurto de carro,2,18
2006,Hurto de carro,3,58
2006,Hurto de carro,4,204
2006,Hurto de carro,5,178
2006,Hurto de carro,6,60
2006,Hurto de carro,60,6
2006,Hurto de carro,7,96
2006,Hurto de carro,70,2
2006,Hurto de carro,8,48
2006,Hurto de carro,9,90
2006,Hurto de carro,90,2
2006,Hurto de carro,SIN DATO,38
2007,Hurto de carro,1,6
2007,Hurto de carro,10,184
2007,Hurto de carro,11,362
2007,Hurto de carro,12,140
2007,Hurto de carro,13,26
2007,Hurto de carro,14,58
2007,Hurto de carro,15,98
2007,Hurto de carro,16,216
2007,Hurto de carro,2,26
2007,Hurto de carro,3,50
2007,Hurto de carro,4,212
2007,Hurto de carro,5,140
2007,Hurto de carro,6,42
2007,Hurto de carro,7,74
2007,Hurto de carro,8,64
2007,Hurto de carro,80,10
2007,Hurto de carro,9,94
2007,Hurto de carro,90,4
2007,Hurto de carro,SIN DATO,16
2008,Hurto de carro,1,16
2008,Hurto de carro,10,202
2008,Hurto de carro,11,299
2008,Hurto de carro,12,132
2008,Hurto de carro,13,24
2008,Hurto de carro,14,86
2008,Hurto de carro,15,126
2008,Hurto de carro,16,146
2008,Hurto de carro,2,18
2008,Hurto de carro,3,56
2008,Hurto de carro,4,158
2008,Hurto de carro,5,126
2008,Hurto de carro,6,38
2008,Hurto de carro,60,4
2008,Hurto de carro,7,70
2008,Hurto de carro,8,56
2008,Hurto de carro,80,8
2008,Hurto de carro,9,58
2008,Hurto de carro,SIN DATO,16
2009,Hurto de carro,1,32
2009,Hurto de carro,10,282
2009,Hurto de carro,11,408
2009,Hurto de carro,12,212
2009,Hurto de carro,13,30
2009,Hurto de carro,14,90
2009,Hurto de carro,15,172
2009,Hurto de carro,16,336
2009,Hurto de carro,2,26
2009,Hurto de carro,3,80
2009,Hurto de carro,4,210
2009,Hurto de carro,5,184
2009,Hurto de carro,6,36
2009,Hurto de carro,60,14
2009,Hurto de carro,7,126
2009,Hurto de carro,70,2
2009,Hurto de carro,8,84
2009,Hurto de carro,80,8
2009,Hurto de carro,9,60
2009,Hurto de carro,90,2
2009,Hurto de carro,SIN DATO,36
2010,Hurto de carro,1,32
2010,Hurto de carro,10,188
2010,Hurto de carro,11,260
2010,Hurto de carro,12,160
2010,Hurto de carro,13,18
2010,Hurto de carro,14,62
2010,Hurto de carro,15,128
2010,Hurto de carro,16,232
2010,Hurto de carro,2,18
2010,Hurto de carro,3,58
2010,Hurto de carro,4,114
2010,Hurto de carro,5,102
2010,Hurto de carro,6,20
2010,Hurto de carro,60,6
2010,Hurto de carro,7,86
2010,Hurto de carro,70,2
2010,Hurto de carro,8,42
2010,Hurto de carro,80,10
2010,Hurto de carro,9,56
2010,Hurto de carro,90,2
2010,Hurto de carro,SIN DATO,26
2011,Hurto de carro,1,35
2011,Hurto de carro,10,249
2011,Hurto de carro,11,371
2011,Hurto de carro,12,155
2011,Hurto de carro,13,16
2011,Hurto de carro,14,65
2011,Hurto de carro,15,119
2011,Hurto de carro,16,197
2011,Hurto de carro,2,24
2011,Hurto de carro,3,31
2011,Hurto de carro,4,155
2011,Hurto de carro,5,111
2011,Hurto de carro,6,31
2011,Hurto de carro,60,12
2011,Hurto de carro,7,109
2011,Hurto de carro,70,2
2011,Hurto de carro,8,74
2011,Hurto de carro,80,4
2011,Hurto de carro,9,83
2011,Hurto de carro,90,3
2011,Hurto de carro,SIN DATO,154
2012,Hurto de carro,1,11
2012,Hurto de carro,10,271
2012,Hurto de carro,11,271
2012,Hurto de carro,12,112
2012,Hurto de carro,13,31
2012,Hurto de carro,14,62
2012,Hurto de carro,15,153
2012,Hurto de carro,16,271
2012,Hurto de carro,2,13
2012,Hurto de carro,3,24
2012,Hurto de carro,4,147
2012,Hurto de carro,5,125
2012,Hurto de carro,6,29
2012,Hurto de carro,60,12
2012,Hurto de carro,7,123
2012,Hurto de carro,70,2
2012,Hurto de carro,8,68
2012,Hurto de carro,80,8
2012,Hurto de carro,9,103
2012,Hurto de carro,SIN DATO,10
2013,Hurto de carro,1,13
2013,Hurto de carro,10,243
2013,Hurto de carro,11,203
2013,Hurto de carro,12,100
2013,Hurto de carro,13,18
2013,Hurto de carro,14,58
2013,Hurto de carro,15,139
2013,Hurto de carro,16,212
2013,Hurto de carro,2,15
2013,Hurto de carro,3,39
2013,Hurto de carro,4,121
2013,Hurto de carro,5,124
2013,Hurto de carro,6,35
2013,Hurto de carro,60,5
2013,Hurto de carro,7,127
2013,Hurto de carro,70,2
2013,Hurto de carro,8,82
2013,Hurto de carro,80,11
2013,Hurto de carro,9,92
2013,Hurto de carro,90,2
2013,Hurto de carro,SIN DATO,10
2014,Hurto de carro,1,7
2014,Hurto de carro,10,160
2014,Hurto de carro,11,179
2014,Hurto de carro,12,88
2014,Hurto de carro,13,22
2014,Hurto de carro,14,44
2014,Hurto de carro,15,109
2014,Hurto de carro,16,117
2014,Hurto de carro,2,7
2014,Hurto de carro,3,28
2014,Hurto de carro,4,76
2014,Hurto de carro,5,95
2014,Hurto de carro,50,1
2014,Hurto de carro,6,34
2014,Hurto de carro,60,10
2014,Hurto de carro,7,71
2014,Hurto de carro,70,2
2014,Hurto de carro,8,35
2014,Hurto de carro,80,13
2014,Hurto de carro,9,82
2014,Hurto de carro,90,5
2015,Hurto de carro,1,6
2015,Hurto de carro,10,128
2015,Hurto de carro,11,111
2015,Hurto de carro,12,57
2015,Hurto de carro,13,24
2015,Hurto de carro,14,30
2015,Hurto de carro,15,110
2015,Hurto de carro,16,137
2015,Hurto de carro,2,7
2015,Hurto de carro,3,21
2015,Hurto de carro,4,52
2015,Hurto de carro,5,72
2015,Hurto de carro,6,23
2015,Hurto de carro,60,16
2015,Hurto de carro,7,47
2015,Hurto de carro,8,39
2015,Hurto de carro,80,9
2015,Hurto de carro,9,65
2015,Hurto de carro,90,2
2016,Hurto de carro,1,6
2016,Hurto de carro,10,127
2016,Hurto de carro,11,109
2016,Hurto de carro,12,79
2016,Hurto de carro,13,21
2016,Hurto de carro,14,9
2016,Hurto de carro,15,110
2016,Hurto de carro,16,131
2016,Hurto de carro,2,8
2016,Hurto de carro,3,10
2016,Hurto de carro,4,37
2016,Hurto de carro,5,38
2016,Hurto de carro,6,9
2016,Hurto de carro,60,26
2016,Hurto de carro,7,60
2016,Hurto de carro,8,23
2016,Hurto de carro,80,7
2016,Hurto de carro,9,46
2016,Hurto de carro,90,3
2017,Hurto de carro,1,4
2017,Hurto de carro,10,133
2017,Hurto de carro,11,130
2017,Hurto de carro,12,80
2017,Hurto de carro,13,25
2017,Hurto de carro,14,28
2017,Hurto de carro,15,77
2017,Hurto de carro,16,151
2017,Hurto de carro,2,9
2017,Hurto de carro,3,20
2017,Hurto de carro,4,72
2017,Hurto de carro,5,52
2017,Hurto de carro,50,1
2017,Hurto de carro,6,25
2017,Hurto de carro,60,20
2017,Hurto de carro,7,90
2017,Hurto de carro,70,4
2017,Hurto de carro,8,32
2017,Hurto de carro,80,21
2017,Hurto de carro,9,47
2017,Hurto de carro,90,7
2018,Hurto de carro,1,6
2018,Hurto de carro,10,79
2018,Hurto de carro,11,155
2018,Hurto de carro,12,67
2018,Hurto de carro,13,39
2018,Hurto de carro,14,26
2018,Hurto de carro,15,117
2018,Hurto de carro,16,131
2018,Hurto de carro,2,13
2018,Hurto de carro,3,16
2018,Hurto de carro,4,57
2018,Hurto de carro,5,67
2018,Hurto de carro,6,39
2018,Hurto de carro,60,21
2018,Hurto de carro,7,78
2018,Hurto de carro,8,27
2018,Hurto de carro,80,25
2018,Hurto de carro,9,53
2018,Hurto de carro,90,4
2019,Hurto de carro,1,11
2019,Hurto de carro,10,95
2019,Hurto de carro,11,142
2019,Hurto de carro,12,63
2019,Hurto de carro,13,31
2019,Hurto de carro,14,33
2019,Hurto de carro,15,46
2019,Hurto de carro,16,86
2019,Hurto de carro,2,17
2019,Hurto de carro,3,24
2019,Hurto de carro,4,85
2019,Hurto de carro,5,77
2019,Hurto de carro,50,3
2019,Hurto de carro,6,25
2019,Hurto de carro,60,37
2019,Hurto de carro,7,58
2019,Hurto de carro,70,3
2019,Hurto de carro,8,43
2019,Hurto de carro,80,17
2019,Hurto de carro,9,48
2019,Hurto de carro,90,11
2020,Hurto de carro,1,16
2020,Hurto de carro,10,101
2020,Hurto de carro,11,90
2020,Hurto de carro,12,55
2020,Hurto de carro,13,17
2020,Hurto de carro,14,24
2020,Hurto de carro,15,62
2020,Hurto de carro,16,81
2020,Hurto de carro,2,13
2020,Hurto de carro,3,19
2020,Hurto de carro,4,75
2020,Hurto de carro,5,66
2020,Hurto de carro,6,30
2020,Hurto de carro,60,37
2020,Hurto de carro,7,71
2020,Hurto de carro,70,5
2020,Hurto de carro,8,62
2020,Hurto de carro,80,21
2020,Hurto de carro,9,82
2020,Hurto de carro,90,4
2021,Hurto de carro,1,8
2021,Hurto de carro,10,64
2021,Hurto de carro,11,123
2021,Hurto de carro,12,55
2021,Hurto de carro,13,24
2021,Hurto de carro,14,29
2021,Hurto de carro,15,42
2021,Hurto de carro,16,71
2021,Hurto de carro,2,9
2021,Hurto de carro,3,27
2021,Hurto de carro,4,86
2021,Hurto de carro,5,79
2021,Hurto de carro,50,6
2021,Hurto de carro,6,24
2021,Hurto de carro,60,40
2021,Hurto de carro,7,60
2021,Hurto de carro,70,3
2021,Hurto de carro,8,42
2021,Hurto de carro,80,15
2021,Hurto de carro,9,71
2021,Hurto de carro,90,17
2022,Hurto de carro,1,9
2022,Hurto de carro,10,97
2022,Hurto de carro,11,155
2022,Hurto de carro,12,62
2022,Hurto de carro,13,38
2022,Hurto de carro,14,21
2022,Hurto de carro,15,48
2022,Hurto de carro,16,81
2022,Hurto de carro,2,11
2022,Hurto de carro,3,26
2022,Hurto de carro,4,77
2022,Hurto de carro,5,88
2022,Hurto de carro,6,40
2022,Hurto de carro,60,27
2022,Hurto de carro,7,52
2022,Hurto de carro,70,4
2022,Hurto de carro,8,50
2022,Hurto de carro,80,16
2022,Hurto de carro,9,79
2022,Hurto de carro,90,16
2022,Hurto de carro,SIN DATO,7
2023,Hurto de carro,1,10
2023,Hurto de carro,10,76
2023,Hurto de carro,11,119
2023,Hurto de carro,12,50
2023,Hurto de carro,13,43
2023,Hurto de carro,14,28
2023,Hurto de carro,15,34
2023,Hurto de carro,16,58
2023,Hurto de carro,2,9
2023,Hurto de carro,3,16
2023,Hurto de carro,4,64
2023,Hurto de carro,5,67
2023,Hurto de carro,50,1
2023,Hurto de carro,6,29
2023,Hurto de carro,60,12
2023,Hurto de carro,7,65
2023,Hurto de carro,8,39
2023,Hurto de carro,80,14
2023,Hurto de carro,9,56
2023,Hurto de carro,SIN DATO,126
2003,Hurto de moto,1,8
2003,Hurto de moto,10,814
2003,Hurto de moto,11,664
2003,Hurto de moto,12,414
2003,Hurto de moto,13,44
2003,Hurto de moto,14,220
2003,Hurto de moto,15,300
2003,Hurto de moto,16,578
2003,Hurto de moto,2,34
2003,Hurto de moto,3,82
2003,Hurto de moto,4,396
2003,Hurto de moto,5,286
2003,Hurto de moto,6,74
2003,Hurto de moto,60,4
2003,Hurto de moto,7,246
2003,Hurto de moto,8,126
2003,Hurto de moto,80,4
2003,Hurto de moto,9,212
2003,Hurto de moto,SIN DATO,10
2004,Hurto de moto,1,30
2004,Hurto de moto,10,578
2004,Hurto de moto,11,392
2004,Hurto de moto,12,230
2004,Hurto de moto,13,70
2004,Hurto de moto,14,140
2004,Hurto de moto,15,158
2004,Hurto de moto,16,342
2004,Hurto de moto,2,18
2004,Hurto de moto,3,88
2004,Hurto de moto,4,248
2004,Hurto de moto,5,282
2004,Hurto de moto,6,72
2004,Hurto de moto,60,2
2004,Hurto de moto,7,232
2004,Hurto de moto,8,116
2004,Hurto de moto,80,2
2004,Hurto de moto,9,180
2004,Hurto de moto,SIN DATO,10
2005,Hurto de moto,1,12
2005,Hurto de moto,10,624
2005,Hurto de moto,11,252
2005,Hurto de moto,12,131
2005,Hurto de moto,13,32
2005,Hurto de moto,14,90
2005,Hurto de moto,15,144
2005,Hurto de moto,16,232
2005,Hurto de moto,2,12
2005,Hurto de moto,3,78
2005,Hurto de moto,4,292
2005,Hurto de moto,5,288
2005,Hurto de moto,6,86
2005,Hurto de moto,60,4
2005,Hurto de moto,7,136
2005,Hurto de moto,70,8
2005,Hurto de moto,8,132
2005,Hurto de moto,80,6
2005,Hurto de moto,9,156
2005,Hurto de moto,SIN DATO,2
2006,Hurto de moto,1,14
2006,Hurto de moto,10,490
2006,Hurto de moto,11,228
2006,Hurto de moto,12,150
2006,Hurto de moto,13,32
2006,Hurto de moto,14,74
2006,Hurto de moto,15,62
2006,Hurto de moto,16,190
2006,Hurto de moto,2,18
2006,Hurto de moto,3,138
2006,Hurto de moto,4,292
2006,Hurto de moto,5,300
2006,Hurto de moto,6,96
2006,Hurto de moto,7,140
2006,Hurto de moto,70,2
2006,Hurto de moto,8,138
2006,Hurto de moto,9,118
2006,Hurto de moto,SIN DATO,56
2007,Hurto de moto,1,24
2007,Hurto de moto,10,378
2007,Hurto de moto,11,154
2007,Hurto de moto,12,98
2007,Hurto de moto,13,52
2007,Hurto de moto,14,56
2007,Hurto de moto,15,72
2007,Hurto de moto,16,104
2007,Hurto de moto,2,18
2007,Hurto de moto,3,132
2007,Hurto de moto,4,332
2007,Hurto de moto,5,244
2007,Hurto de moto,6,90
2007,Hurto de moto,60,4
2007,Hurto de moto,7,133
2007,Hurto de moto,70,2
2007,Hurto de moto,8,128
2007,Hurto de moto,80,6
2007,Hurto de moto,9,104
2007,Hurto de moto,90,2
2007,Hurto de moto,SIN DATO,8
2008,Hurto de moto,1,26
2008,Hurto de moto,10,360
2008,Hurto de moto,11,144
2008,Hurto de moto,12,114
2008,Hurto de moto,13,60
2008,Hurto de moto,14,66
2008,Hurto de moto,15,84
2008,Hurto de moto,16,80
2008,Hurto de moto,2,28
2008,Hurto de moto,3,214
2008,Hurto de moto,4,302
2008,Hurto de moto,5,188
2008,Hurto de moto,6,86
2008,Hurto de moto,60,4
2008,Hurto de moto,7,128
2008,Hurto de moto,70,2
2008,Hurto de moto,8,94
2008,Hurto de moto,80,8
2008,Hurto de moto,9,128
2008,Hurto de moto,SIN DATO,12
2009,Hurto de moto,1,72
2009,Hurto de moto,10,562
2009,Hurto de moto,11,180
2009,Hurto de moto,12,116
2009,Hurto de moto,13,76
2009,Hurto de moto,14,78
2009,Hurto de moto,15,124
2009,Hurto de moto,16,192
2009,Hurto de moto,2,54
2009,Hurto de moto,3,204
2009,Hurto de moto,4,506
2009,Hurto de moto,5,262
2009,Hurto de moto,6,117
2009,Hurto de moto,60,16
2009,Hurto de moto,7,280
2009,Hurto de moto,70,8
2009,Hurto de moto,8,256
2009,Hurto de moto,80,18
2009,Hurto de moto,9,170
2009,Hurto de moto,90,2
2009,Hurto de moto,SIN DATO,48
2010,Hurto de moto,1,30
2010,Hurto de moto,10,453
2010,Hurto de moto,11,188
2010,Hurto de moto,12,90
2010,Hurto de moto,13,46
2010,Hurto de moto,14,54
2010,Hurto de moto,15,70
2010,Hurto de moto,16,132
2010,Hurto de moto,2,26
2010,Hurto de moto,3,144
2010,Hurto de moto,4,278
2010,Hurto de moto,5,186
2010,Hurto de moto,6,82
2010,Hurto de moto,60,2
2010,Hurto de moto,7,216
2010,Hurto de moto,8,114
2010,Hurto de moto,80,18
2010,Hurto de moto,9,144
2010,Hurto de moto,90,4
2010,Hurto de moto,SIN DATO,10
2011,Hurto de moto,1,42
2011,Hurto de moto,10,909
2011,Hurto de moto,11,387
2011,Hurto de moto,12,165
2011,Hurto de moto,13,79
2011,Hurto de moto,14,94
2011,Hurto de moto,15,149
2011,Hurto de moto,16,376
2011,Hurto de moto,2,53
2011,Hurto de moto,3,158
2011,Hurto de moto,4,594
2011,Hurto de moto,5,304
2011,Hurto de moto,6,85
2011,Hurto de moto,60,9
2011,Hurto de moto,7,417
2011,Hurto de moto,70,10
2011,Hurto de moto,8,219
2011,Hurto de moto,80,6
2011,Hurto de moto,9,335
2011,Hurto de moto,90,4
2011,Hurto de moto,SIN DATO,552
2012,Hurto de moto,1,39
2012,Hurto de moto,10,1136
2012,Hurto de moto,11,367
2012,Hurto de moto,12,187
2012,Hurto de moto,13,75
2012,Hurto de moto,14,100
2012,Hurto de moto,15,205
2012,Hurto de moto,16,421
2012,Hurto de moto,2,29
2012,Hurto de moto,3,151
2012,Hurto de moto,4,453
2012,Hurto de moto,5,420
2012,Hurto de moto,6,107
2012,Hurto de moto,60,17
2012,Hurto de moto,7,524
2012,Hurto de moto,70,3
2012,Hurto de moto,8,283
2012,Hurto de moto,80,26
2012,Hurto de moto,9,531
2012,Hurto de moto,90,3
2012,Hurto de moto,SIN DATO,18
2013,Hurto de moto,1,42
2013,Hurto de moto,10,966
2013,Hurto de moto,11,381
2013,Hurto de moto,12,202
2013,Hurto de moto,13,79
2013,Hurto de moto,14,122
2013,Hurto de moto,15,241
2013,Hurto de moto,16,354
2013,Hurto de moto,2,43
2013,Hurto de moto,3,200
2013,Hurto de moto,4,468
2013,Hurto de moto,5,442
2013,Hurto de moto,50,2
2013,Hurto de moto,6,89
2013,Hurto de moto,60,22
2013,Hurto de moto,7,591
2013,Hurto de moto,70,5
2013,Hurto de moto,8,274
2013,Hurto de moto,80,16
2013,Hurto de moto,9,329
2013,Hurto de moto,SIN DATO,56
2014,Hurto de moto,1,57
2014,Hurto de moto,10,936
2014,Hurto de moto,11,327
2014,Hurto de moto,12,153
2014,Hurto de moto,13,83
2014,Hurto de moto,14,93
2014,Hurto de moto,15,184
2014,Hurto de moto,16,311
2014,Hurto de moto,2,41
2014,Hurto de moto,3,172
2014,Hurto de moto,4,480
2014,Hurto de moto,5,467
2014,Hurto de moto,50,1
2014,Hurto de moto,6,115
2014,Hurto de moto,60,83
2014,Hurto de moto,7,469
2014,Hurto de moto,70,5
2014,Hurto de moto,8,231
2014,Hurto de moto,80,34
2014,Hurto de moto,9,415
2014,Hurto de moto,90,11
2015,Hurto de moto,1,76
2015,Hurto de moto,10,798
2015,Hurto de moto,11,329
2015,Hurto de moto,12,228
2015,Hurto de moto,13,138
2015,Hurto de moto,14,70
2015,Hurto de moto,15,179
2015,Hurto de moto,16,326
2015,Hurto de moto,2,39
2015,Hurto de moto,3,169
2015,Hurto de moto,4,408
2015,Hurto de moto,5,372
2015,Hurto de moto,50,2
2015,Hurto de moto,6,150
2015,Hurto de moto,60,63
2015,Hurto de moto,7,438
2015,Hurto de moto,70,3
2015,Hurto de moto,8,215
2015,Hurto de moto,80,39
2015,Hurto de moto,9,324
2015,Hurto de moto,90,10
2016,Hurto de moto,1,61
2016,Hurto de moto,10,1004
2016,Hurto de moto,11,300
2016,Hurto de moto,12,242
2016,Hurto de moto,13,128
2016,Hurto de moto,14,139
2016,Hurto de moto,15,285
2016,Hurto de moto,16,322
2016,Hurto de moto,2,41
2016,Hurto de moto,3,248
2016,Hurto de moto,4,382
2016,Hurto de moto,5,436
2016,Hurto de moto,50,3
2016,Hurto de moto,6,192
2016,Hurto de moto,60,110
2016,Hurto de moto,7,509
2016,Hurto de moto,70,7
2016,Hurto de moto,8,259
2016,Hurto de moto,80,55
2016,Hurto de moto,9,385
2016,Hurto de moto,90,18
2017,Hurto de moto,1,66
2017,Hurto de moto,10,761
2017,Hurto de moto,11,221
2017,Hurto de moto,12,171
2017,Hurto de moto,13,145
2017,Hurto de moto,14,97
2017,Hurto de moto,15,214
2017,Hurto de moto,16,224
2017,Hurto de moto,2,59
2017,Hurto de moto,3,203
2017,Hurto de moto,4,311
2017,Hurto de moto,5,309
2017,Hurto de moto,50,2
2017,Hurto de moto,6,179
2017,Hurto de moto,60,107
2017,Hurto de moto,7,368
2017,Hurto de moto,70,9
2017,Hurto de moto,8,192
2017,Hurto de moto,80,62
2017,Hurto de moto,9,258
2017,Hurto de moto,90,22
2017,Hurto de moto,SIN DATO,2
2018,Hurto de moto,1,94
2018,Hurto de moto,10,788
2018,Hurto de moto,11,254
2018,Hurto de moto,12,241
2018,Hurto de moto,13,173
2018,Hurto de moto,14,142
2018,Hurto de moto,15,243
2018,Hurto de moto,16,330
2018,Hurto de moto,2,72
2018,Hurto de moto,3,191
2018,Hurto de moto,4,362
2018,Hurto de moto,5,468
2018,Hurto de moto,6,252
2018,Hurto de moto,60,112
2018,Hurto de moto,7,476
2018,Hurto de moto,70,6
2018,Hurto de moto,8,234
2018,Hurto de moto,80,34
2018,Hurto de moto,9,322
2018,Hurto de moto,90,19
2019,Hurto de moto,1,110
2019,Hurto de moto,10,732
2019,Hurto de moto,11,280
2019,Hurto de moto,12,208
2019,Hurto de moto,13,124
2019,Hurto de moto,14,114
2019,Hurto de moto,15,227
2019,Hurto de moto,16,289
2019,Hurto de moto,2,95
2019,Hurto de moto,3,310
2019,Hurto de moto,4,458
2019,Hurto de moto,5,461
2019,Hurto de moto,50,3
2019,Hurto de moto,6,190
2019,Hurto de moto,60,114
2019,Hurto de moto,7,412
2019,Hurto de moto,70,8
2019,Hurto de moto,8,320
2019,Hurto de moto,80,55
2019,Hurto de moto,9,439
2019,Hurto de moto,90,20
2020,Hurto de moto,1,118
2020,Hurto de moto,10,496
2020,Hurto de moto,11,154
2020,Hurto de moto,12,194
2020,Hurto de moto,13,126
2020,Hurto de moto,14,82
2020,Hurto de moto,15,162
2020,Hurto de moto,16,283
2020,Hurto de moto,2,75
2020,Hurto de moto,3,240
2020,Hurto de moto,4,415
2020,Hurto de moto,5,319
2020,Hurto de moto,50,3
2020,Hurto de moto,6,222
2020,Hurto de moto,60,144
2020,Hurto de moto,7,461
2020,Hurto de moto,70,27
2020,Hurto de moto,8,301
2020,Hurto de moto,80,58
2020,Hurto de moto,9,344
2020,Hurto de moto,90,20
2021,Hurto de moto,1,141
2021,Hurto de moto,10,448
2021,Hurto de moto,11,145
2021,Hurto de moto,12,149
2021,Hurto de moto,13,176
2021,Hurto de moto,14,61
2021,Hurto de moto,15,157
2021,Hurto de moto,16,250
2021,Hurto de moto,2,127
2021,Hurto de moto,3,322
2021,Hurto de moto,4,491
2021,Hurto de moto,5,384
2021,Hurto de moto,50,1
2021,Hurto de moto,6,253
2021,Hurto de moto,60,200
2021,Hurto de moto,7,503
2021,Hurto de moto,70,19
2021,Hurto de moto,8,337
2021,Hurto de moto,80,80
2021,Hurto de moto,9,514
2021,Hurto de moto,90,18
2022,Hurto de moto,1,212
2022,Hurto de moto,10,589
2022,Hurto de moto,11,278
2022,Hurto de moto,12,250
2022,Hurto de moto,13,252
2022,Hurto de moto,14,77
2022,Hurto de moto,15,144
2022,Hurto de moto,16,378
2022,Hurto de moto,2,159
2022,Hurto de moto,3,339
2022,Hurto de moto,4,576
2022,Hurto de moto,5,418
2022,Hurto de moto,50,4
2022,Hurto de moto,6,294
2022,Hurto de moto,60,215
2022,Hurto de moto,7,435
2022,Hurto de moto,70,34
2022,Hurto de moto,8,351
2022,Hurto de moto,80,155
2022,Hurto de moto,9,557
2022,Hurto de moto,90,49
2022,Hurto de moto,SIN DATO,57
2023,Hurto de moto,1,133
2023,Hurto de moto,10,593
2023,Hurto de moto,11,247
2023,Hurto de moto,12,180
2023,Hurto de moto,13,246
2023,Hurto de moto,14,87
2023,Hurto de moto,15,107
2023,Hurto de moto,16,269
2023,Hurto de moto,2,131
2023,Hurto de moto,3,286
2023,Hurto de moto,4,539
2023,Hurto de moto,5,360
2023,Hurto de moto,50,2
2023,Hurto de moto,6,278
2023,Hurto de moto,60,119
2023,Hurto de moto,7,501
2023,Hurto de moto,70,3
2023,Hurto de moto,8,366
2023,Hurto de moto,80,63
2023,Hurto de moto,9,396
2023,Hurto de moto,90,12
2023,Hurto de moto,SIN DATO,891
2003,Hurto a residencia,1,16
2003,Hurto a residencia,10,186
2003,Hurto a residencia,11,574
2003,Hurto a residencia,12,212
2003,Hurto a residencia,13,68
2003,Hurto a residencia,14,250
2003,Hurto a residencia,15,46
2003,Hurto a residencia,16,378
2003,Hurto a residencia,2,10
2003,Hurto a residencia,3,42
2003,Hurto a residencia,4,118
2003,Hurto a residencia,5,52
2003,Hurto a residencia,6,62
2003,Hurto a residencia,60,4
2003,Hurto a residencia,7,74
2003,Hurto a residencia,70,2
2003,Hurto a residencia,8,50
2003,Hurto a residencia,80,10
2003,Hurto a residencia,9,56
2003,Hurto a residencia,90,8
2003,Hurto a residencia,SIN DATO,6
2004,Hurto a residencia,1,12
2004,Hurto a residencia,10,116
2004,Hurto a residencia,11,218
2004,Hurto a residencia,12,72
2004,Hurto a residencia,13,18
2004,Hurto a residencia,14,360
2004,Hurto a residencia,15,110
2004,Hurto a residencia,16,370
2004,Hurto a residencia,2,4
2004,Hurto a residencia,3,28
2004,Hurto a residencia,4,68
2004,Hurto a residencia,5,34
2004,Hurto a residencia,6,20
2004,Hurto a residencia,60,2
2004,Hurto a residencia,7,44
2004,Hurto a residencia,70,10
2004,Hurto a residencia,8,28
2004,Hurto a residencia,80,6
2004,Hurto a residencia,9,40
2004,Hurto a residencia,90,24
2004,Hurto a residencia,SIN DATO,2
2005,Hurto a residencia,1,16
2005,Hurto a residencia,10,100
2005,Hurto a residencia,11,146
2005,Hurto a residencia,12,82
2005,Hurto a residencia,13,36
2005,Hurto a residencia,14,244
2005,Hurto a residencia,15,86
2005,Hurto a residencia,16,214
2005,Hurto a residencia,2,12
2005,Hurto a residencia,3,42
2005,Hurto a residencia,4,48
2005,Hurto a residencia,5,34
2005,Hurto a residencia,6,18
2005,Hurto a residencia,60,8
2005,Hurto a residencia,7,42
2005,Hurto a residencia,70,16
2005,Hurto a residencia,8,32
2005,Hurto a residencia,9,42
2005,Hurto a residencia,90,18
2005,Hurto a residencia,SIN DATO,8
2006,Hurto a residencia,1,32
2006,Hurto a residencia,10,30
2006,Hurto a residencia,11,264
2006,Hurto a residencia,12,172
2006,Hurto a residencia,13,48
2006,Hurto a residencia,14,146
2006,Hurto a residencia,15,14
2006,Hurto a residencia,16,160
2006,Hurto a residencia,2,24
2006,Hurto a residencia,3,12
2006,Hurto a residencia,4,44
2006,Hurto a residencia,5,32
2006,Hurto a residencia,6,30
2006,Hurto a residencia,60,14
2006,Hurto a residencia,7,24
2006,Hurto a residencia,8,28
2006,Hurto a residencia,80,4
2006,Hurto a residencia,9,68
2006,Hurto a residencia,90,10
2006,Hurto a residencia,SIN DATO,22
2007,Hurto a residencia,1,10
2007,Hurto a residencia,10,8
2007,Hurto a residencia,11,84
2007,Hurto a residencia,12,34
2007,Hurto a residencia,13,12
2007,Hurto a residencia,14,190
2007,Hurto a residencia,15,8
2007,Hurto a residencia,16,66
2007,Hurto a residencia,3,14
2007,Hurto a residencia,4,18
2007,Hurto a residencia,5,14
2007,Hurto a residencia,6,20
2007,Hurto a residencia,7,34
2007,Hurto a residencia,8,12
2007,Hurto a residencia,80,10
2007,Hurto a residencia,9,36
2007,Hurto a residencia,90,4
2008,Hurto a residencia,1,92
2008,Hurto a residencia,10,44
2008,Hurto a residencia,11,236
2008,Hurto a residencia,12,56
2008,Hurto a residencia,13,30
2008,Hurto a residencia,14,342
2008,Hurto a residencia,15,16
2008,Hurto a residencia,16,108
2008,Hurto a residencia,2,32
2008,Hurto a residencia,3,42
2008,Hurto a residencia,4,56
2008,Hurto a residencia,5,24
2008,Hurto a residencia,6,20
2008,Hurto a residencia,7,32
2008,Hurto a residencia,8,34
2008,Hurto a residencia,80,6
2008,Hurto a residencia,9,80
2008,Hurto a residencia,SIN DATO,26
2009,Hurto a residencia,1,8
2009,Hurto a residencia,10,30
2009,Hurto a residencia,11,142
2009,Hurto a residencia,12,52
2009,Hurto a residencia,13,22
2009,Hurto a residencia,14,138
2009,Hurto a residencia,15,22
2009,Hurto a residencia,16,124
2009,Hurto a residencia,3,18
2009,Hurto a residencia,4,6
2009,Hurto a residencia,5,38
2009,Hurto a residencia,6,32
2009,Hurto a residencia,7,28
2009,Hurto a residencia,8,18
2009,Hurto a residencia,80,18
2009,Hurto a residencia,9,34
2010,Hurto a residencia,1,2
2010,Hurto a residencia,10,2
2010,Hurto a residencia,11,64
2010,Hurto a residencia,12,48
2010,Hurto a residencia,13,14
2010,Hurto a residencia,14,134
2010,Hurto a residencia,15,28
2010,Hurto a residencia,16,16
2010,Hurto a residencia,3,16
2010,Hurto a residencia,4,8
2010,Hurto a residencia,5,16
2010,Hurto a residencia,6,12
2010,Hurto a residencia,7,6
2010,Hurto a residencia,8,10
2010,Hurto a residencia,80,20
2010,Hurto a residencia,9,20
2010,Hurto a residencia,90,4
2010,Hurto a residencia,SIN DATO,2
2011,Hurto a residencia,10,20
2011,Hurto a residencia,11,42
2011,Hurto a residencia,12,35
2011,Hurto a residencia,13,3
2011,Hurto a residencia,14,79
2011,Hurto a residencia,15,10
2011,Hurto a residencia,16,17
2011,Hurto a residencia,2,1
2011,Hurto a residencia,3,1
2011,Hurto a residencia,4,3
2011,Hurto a residencia,5,3
2011,Hurto a residencia,6,5
2011,Hurto a residencia,60,2
2011,Hurto a residencia,7,2
2011,Hurto a residencia,8,1
2011,Hurto a residencia,80,4
2011,Hurto a residencia,9,4
2011,Hurto a residencia,90,10
2011,Hurto a residencia,SIN DATO,3
2012,Hurto a residencia,1,9
2012,Hurto a residencia,10,30
2012,Hurto a residencia,11,50
2012,Hurto a residencia,12,24
2012,Hurto a residencia,13,23
2012,Hurto a residencia,14,112
2012,Hurto a residencia,15,21
2012,Hurto a residencia,16,144
2012,Hurto a residencia,2,3
2012,Hurto a residencia,3,8
2012,Hurto a residencia,4,24
2012,Hurto a residencia,5,24
2012,Hurto a residencia,6,40
2012,Hurto a residencia,60,5
2012,Hurto a residencia,7,72
2012,Hurto a residencia,70,3
2012,Hurto a residencia,8,14
2012,Hurto a residencia,80,20
2012,Hurto a residencia,9,33
2012,Hurto a residencia,SIN DATO,7
2013,Hurto a residencia,1,40
2013,Hurto a residencia,10,75
2013,Hurto a residencia,11,224
2013,Hurto a residencia,12,89
2013,Hurto a residencia,13,41
2013,Hurto a residencia,14,228
2013,Hurto a residencia,15,28
2013,Hurto a residencia,16,112
2013,Hurto a residencia,2,23
2013,Hurto a residencia,3,31
2013,Hurto a residencia,4,45
2013,Hurto a residencia,5,34
2013,Hurto a residencia,6,19
2013,Hurto a residencia,60,2
2013,Hurto a residencia,7,59
2013,Hurto a residencia,70,2
2013,Hurto a residencia,8,48
2013,Hurto a residencia,80,32
2013,Hurto a residencia,9,50
2013,Hurto a residencia,90,2
2013,Hurto a residencia,SIN DATO,5
2014,Hurto a residencia,1,17
2014,Hurto a residencia,10,83
2014,Hurto a residencia,11,162
2014,Hurto a residencia,12,158
2014,Hurto a residencia,13,71
2014,Hurto a residencia,14,166
2014,Hurto a residencia,15,61
2014,Hurto a residencia,16,206
2014,Hurto a residencia,2,11
2014,Hurto a residencia,3,47
2014,Hurto a residencia,4,63
2014,Hurto a residencia,5,58
2014,Hurto a residencia,6,35
2014,Hurto a residencia,60,6
2014,Hurto a residencia,7,85
2014,Hurto a residencia,70,1
2014,Hurto a residencia,8,46
2014,Hurto a residencia,80,17
2014,Hurto a residencia,9,62
2014,Hurto a residencia,90,19
2015,Hurto a residencia,1,52
2015,Hurto a residencia,10,212
2015,Hurto a residencia,11,252
2015,Hurto a residencia,12,184
2015,Hurto a residencia,13,86
2015,Hurto a residencia,14,271
2015,Hurto a residencia,15,81
2015,Hurto a residencia,16,333
2015,Hurto a residencia,2,40
2015,Hurto a residencia,3,109
2015,Hurto a residencia,4,108
2015,Hurto a residencia,5,91
2015,Hurto a residencia,50,8
2015,Hurto a residencia,6,69
2015,Hurto a residencia,60,27
2015,Hurto a residencia,7,196
2015,Hurto a residencia,70,10
2015,Hurto a residencia,8,126
2015,Hurto a residencia,80,52
2015,Hurto a residencia,9,119
2015,Hurto a residencia,90,24
2016,Hurto a residencia,1,33
2016,Hurto a residencia,10,184
2016,Hurto a residencia,11,318
2016,Hurto a residencia,12,235
2016,Hurto a residencia,13,91
2016,Hurto a residencia,14,220
2016,Hurto a residencia,15,61
2016,Hurto a residencia,16,279
2016,Hurto a residencia,2,37
2016,Hurto a residencia,3,67
2016,Hurto a residencia,4,85
2016,Hurto a residencia,5,59
2016,Hurto a residencia,50,3
2016,Hurto a residencia,6,63
2016,Hurto a residencia,60,41
2016,Hurto a residencia,7,145
2016,Hurto a residencia,70,6
2016,Hurto a residencia,8,104
2016,Hurto a residencia,80,39
2016,Hurto a residencia,9,128
2016,Hurto a residencia,90,26
2017,Hurto a residencia,1,103
2017,Hurto a residencia,10,332
2017,Hurto a residencia,11,466
2017,Hurto a residencia,12,301
2017,Hurto a residencia,13,181
2017,Hurto a residencia,14,453
2017,Hurto a residencia,15,118
2017,Hurto a residencia,16,533
2017,Hurto a residencia,2,60
2017,Hurto a residencia,3,131
2017,Hurto a residencia,4,129
2017,Hurto a residencia,5,170
2017,Hurto a residencia,50,2
2017,Hurto a residencia,6,98
2017,Hurto a residencia,60,113
2017,Hurto a residencia,7,207
2017,Hurto a residencia,70,24
2017,Hurto a residencia,8,183
2017,Hurto a residencia,80,64
2017,Hurto a residencia,9,156
2017,Hurto a residencia,90,71
2018,Hurto a residencia,1,105
2018,Hurto a residencia,10,328
2018,Hurto a residencia,11,644
2018,Hurto a residencia,12,422
2018,Hurto a residencia,13,133
2018,Hurto a residencia,14,631
2018,Hurto a residencia,15,140
2018,Hurto a residencia,16,605
2018,Hurto a residencia,2,92
2018,Hurto a residencia,3,161
2018,Hurto a residencia,4,193
2018,Hurto a residencia,5,157
2018,Hurto a residencia,6,144
2018,Hurto a residencia,60,99
2018,Hurto a residencia,7,318
2018,Hurto a residencia,70,41
2018,Hurto a residencia,8,140
2018,Hurto a residencia,80,103
2018,Hurto a residencia,9,217
2018,Hurto a residencia,90,79
2019,Hurto a residencia,1,82
2019,Hurto a residencia,10,304
2019,Hurto a residencia,11,614
2019,Hurto a residencia,12,422
2019,Hurto a residencia,13,247
2019,Hurto a residencia,14,533
2019,Hurto a residencia,15,132
2019,Hurto a residencia,16,550
2019,Hurto a residencia,2,52
2019,Hurto a residencia,3,154
2019,Hurto a residencia,4,155
2019,Hurto a residencia,5,193
2019,Hurto a residencia,50,2
2019,Hurto a residencia,6,116
2019,Hurto a residencia,60,99
2019,Hurto a residencia,7,343
2019,Hurto a residencia,70,29
2019,Hurto a residencia,8,197
2019,Hurto a residencia,80,62
2019,Hurto a residencia,9,189
2019,Hurto a residencia,90,113
2020,Hurto a residencia,1,85
2020,Hurto a residencia,10,323
2020,Hurto a residencia,11,496
2020,Hurto a residencia,12,408
2020,Hurto a residencia,13,156
2020,Hurto a residencia,14,490
2020,Hurto a residencia,15,115
2020,Hurto a residencia,16,489
2020,Hurto a residencia,2,46
2020,Hurto a residencia,3,109
2020,Hurto a residencia,4,134
2020,Hurto a residencia,5,184
2020,Hurto a residencia,50,3
2020,Hurto a residencia,6,109
2020,Hurto a residencia,60,90
2020,Hurto a residencia,7,288
2020,Hurto a residencia,70,24
2020,Hurto a residencia,8,203
2020,Hurto a residencia,80,101
2020,Hurto a residencia,9,182
2020,Hurto a residencia,90,77
2020,Hurto a residencia,SIN DATO,4
2021,Hurto a residencia,1,74
2021,Hurto a residencia,10,225
2021,Hurto a residencia,11,586
2021,Hurto a residencia,12,324
2021,Hurto a residencia,13,126
2021,Hurto a residencia,14,466
2021,Hurto a residencia,15,121
2021,Hurto a residencia,16,494
2021,Hurto a residencia,2,40
2021,Hurto a residencia,3,111
2021,Hurto a residencia,4,122
2021,Hurto a residencia,5,107
2021,Hurto a residencia,50,4
2021,Hurto a residencia,6,84
2021,Hurto a residencia,60,120
2021,Hurto a residencia,7,177
2021,Hurto a residencia,70,47
2021,Hurto a residencia,8,138
2021,Hurto a residencia,80,78
2021,Hurto a residencia,9,178
2021,Hurto a residencia,90,55
2022,Hurto a residencia,1,78
2022,Hurto a residencia,10,190
2022,Hurto a residencia,11,473
2022,Hurto a residencia,12,147
2022,Hurto a residencia,13,69
2022,Hurto a residencia,14,375
2022,Hurto a residencia,15,56
2022,Hurto a residencia,16,347
2022,Hurto a residencia,2,35
2022,Hurto a residencia,3,94
2022,Hurto a residencia,4,109
2022,Hurto a residencia,5,84
2022,Hurto a residencia,50,1
2022,Hurto a residencia,6,50
2022,Hurto a residencia,60,80
2022,Hurto a residencia,7,194
2022,Hurto a residencia,70,16
2022,Hurto a residencia,8,77
2022,Hurto a residencia,80,53
2022,Hurto a residencia,9,161
2022,Hurto a residencia,90,63
2022,Hurto a residencia,SIN DATO,8
2023,Hurto a residencia,1,40
2023,Hurto a residencia,10,86
2023,Hurto a residencia,11,160
2023,Hurto a residencia,12,78
2023,Hurto a residencia,13,50
2023,Hurto a residencia,14,139
2023,Hurto a residencia,15,26
2023,Hurto a residencia,16,136
2023,Hurto a residencia,2,30
2023,Hurto a residencia,3,41
2023,Hurto a residencia,4,62
2023,Hurto a residencia,5,36
2023,Hurto a residencia,50,3
2023,Hurto a residencia,6,14
2023,Hurto a residencia,60,18
2023,Hurto a residencia,7,81
2023,Hurto a residencia,8,66
2023,Hurto a residencia,80,19
2023,Hurto a residencia,9,62
2023,Hurto a residencia,90,2
2023,Hurto a residencia,SIN DATO,354
2003,Hurto de semoviente,16,2
2003,Hurto de semoviente,5,4
2004,Hurto de semoviente,14,2
2004,Hurto de semoviente,7,2
2004,Hurto de semoviente,8,2
2004,Hurto de semoviente,SIN DATO,2
2005,Hurto de semoviente,13,2
2005,Hurto de semoviente,16,4
2005,Hurto de semoviente,2,2
2005,Hurto de semoviente,80,2
2005,Hurto de semoviente,90,2
2005,Hurto de semoviente,SIN DATO,2
2006,Hurto de semoviente,16,2
2006,Hurto de semoviente,60,2
2006,Hurto de semoviente,SIN DATO,2
2007,Hurto de semoviente,11,2
2007,Hurto de semoviente,5,2
2007,Hurto de semoviente,90,2
2008,Hurto de semoviente,13,2
2008,Hurto de semoviente,60,2
2009,Hurto de semoviente,7,2
2009,Hurto de semoviente,80,6
2009,Hurto de semoviente,SIN DATO,8
2010,Hurto de semoviente,2,2
2011,Hurto de semoviente,60,1
2011,Hurto de semoviente,7,1
2011,Hurto de semoviente,SIN DATO,1
2012,Hurto de semoviente,80,1
2012,Hurto de semoviente,9,1
2012,Hurto de semoviente,SIN DATO,1
2013,Hurto de semoviente,1,1
2013,Hurto de semoviente,13,1
2013,Hurto de semoviente,60,1
2013,Hurto de semoviente,80,1
2014,Hurto de semoviente,15,1
2014,Hurto de semoviente,60,1
2014,Hurto de semoviente,80,1
2014,Hurto de semoviente,90,1
2015,Hurto de semoviente,60,2
2015,Hurto de semoviente,80,2
2016,Hurto de semoviente,16,1
2016,Hurto de semoviente,80,1
2017,Hurto de semoviente,5,1
2017,Hurto de semoviente,50,1
2017,Hurto de semoviente,60,3
2017,Hurto de semoviente,7,2
2017,Hurto de semoviente,80,2
2017,Hurto de semoviente,90,1
2018,Hurto de semoviente,13,2
2018,Hurto de semoviente,50,1
2018,Hurto de semoviente,60,3
2018,Hurto de semoviente,7,1
2018,Hurto de semoviente,80,1
2018,Hurto de semoviente,90,1
2019,Hurto de semoviente,12,1
2019,Hurto de semoviente,50,1
2019,Hurto de semoviente,60,1
2019,Hurto de semoviente,80,2
2020,Hurto de semoviente,13,1
2020,Hurto de semoviente,14,1
2020,Hurto de semoviente,6,1
2020,Hurto de semoviente,60,3
2020,Hurto de semoviente,80,1
2020,Hurto de semoviente,9,1
2020,Hurto de semoviente,90,2
2021,Hurto de semoviente,5,1
2021,Hurto de semoviente,60,2
2021,Hurto de semoviente,80,2
2022,Hurto de semoviente,50,1
2022,Hurto de semoviente,60,1
2022,Hurto de semoviente,80,2
2023,Hurto de semoviente,60,1
2023,Hurto de semoviente,7,1
